data_date,generated_at,code_version,stock_id,name,total_score,fundamental_score,chip_score,technical_score,bucket,recommend,close,price_chg_pct,entry_low,entry_high,stop_loss,target1,target2,atr,stop_pct,target1_pct,foreign_net_lots,trust_net_lots,foreign_consec,trust_consec,foreign_net_5d,trust_net_5d,foreign_net_pct_of_volume,trust_net_pct_of_volume,volume_ratio,K,D,above_ma5,above_ma20,ma5_dev_pct,ma20_dev_pct,return_20d_pct,prev_day_amplitude_pct,prev_day_upper_shadow_pct,dividend_flag,event_note,data_warning_types,entry_filled,entry_price,entry_day_low_hit_stop,ret_t0_pct,ret_t1_pct,ret_t5_pct,ret_t10_pct,period_high,period_low,hit_target1,hit_target2,hit_stop,ambiguous,backfill_complete
2026-09-21,2026-09-21 22:33:53,9ef9713,1513,中興電,6,0,3,3,觀望,False,166.5,-0.3,165.06,166.5,162.2,172.3,175.2,2.89,-2.58,3.48,176,395,1,3,559,1254,6.042,13.553,1.2,55.39,38.74,True,True,1.15,0.63,1.52,1.2,50.0,,,,True,166.5,False,-0.3,-0.6,0.0,,,,,,,,False
2026-09-21,2026-09-21 22:33:53,9ef9713,2059,川湖,7,2,2,3,推薦,True,12800.0,2.44,12468.03,12800.0,11804.1,14127.9,14791.8,663.93,-7.78,10.37,-114,14,0,6,-339,147,-17.521,6.842,1.47,41.44,25.03,True,False,4.32,-2.91,-10.86,4.32,9.26,息@2026-08-27,,,True,12800.0,False,-1.02,-3.2,-7.54,,,,,,,,False
2026-09-21,2026-09-21 22:33:53,9ef9713,2301,光寶科,5,2,1,2,觀望,False,288.5,2.3,281.16,288.5,266.5,317.9,332.5,14.68,-7.63,10.19,1657,-162,1,0,-5941,-77,-7.193,-0.093,1.03,35.24,23.88,True,False,3.07,-1.81,0.52,4.43,40.0,,,,True,288.5,False,-1.39,-1.73,-1.39,,,,,,,,False
2026-09-21,2026-09-21 22:33:53,9ef9713,2345,智邦,5,2,1,2,觀望,False,1840.0,-0.81,1796.25,1840.0,1708.8,2015.0,2102.5,87.5,-7.13,9.51,182,-786,1,0,-388,-2789,-2.022,-14.537,0.93,12.93,12.3,True,False,0.27,-7.63,-11.11,3.77,57.14,,,,False,,False,,,,,,,,,,,False
2026-09-21,2026-09-21 22:33:53,9ef9713,2356,英業達,4,2,0,2,暫不關注,False,61.8,0.16,60.78,61.8,58.8,65.9,67.9,2.03,-4.85,6.63,-988,-519,0,0,-5120,-1776,-9.368,-3.226,0.61,20.77,18.78,True,False,0.59,-3.66,-6.51,1.78,27.27,,,,True,61.8,False,-0.97,-1.29,-3.4,,,,,,,,False
2026-09-21,2026-09-21 22:33:53,9ef9713,2383,台光電,5,2,2,1,觀望,False,4895.0,0.1,4767.68,4895.0,4513.0,5404.3,5658.9,254.64,-7.8,10.4,370,-772,4,0,852,-2342,5.604,-15.405,0.85,19.58,18.13,False,False,-0.83,-8.21,-9.44,3.07,30.0,息@2026-08-28,,,True,4895.0,False,-0.72,2.55,1.63,,,,,,,,False
2026-09-21,2026-09-21 22:33:53,9ef9713,3017,奇鋐,7,2,2,3,推薦,True,3415.0,-0.44,3323.75,3415.0,3141.2,3780.0,3962.5,182.5,-8.02,10.69,-176,48,0,4,-32,135,-0.22,0.929,0.58,56.06,42.86,True,True,4.63,2.92,19.61,3.79,11.54,,,,True,3415.0,False,-0.73,1.61,2.78,,,,,,,,False
2026-09-21,2026-09-21 22:33:53,9ef9713,3037,欣興,9,2,3,4,推薦,True,1020.0,3.98,994.86,1020.0,944.6,1120.6,1170.9,50.29,-7.39,9.86,1439,264,3,2,3630,-265,5.164,-0.377,1.32,62.08,57.78,True,True,5.09,1.98,-5.12,5.71,62.5,,司法調查中（8/28 起）,,False,,False,,,,,,,,,,,False
2026-09-21,2026-09-21 22:33:53,9ef9713,3211,順達,7,1,2,4,推薦,True,387.5,5.3,379.27,387.5,362.8,420.4,436.9,16.46,-6.37,8.49,1257,434,1,2,451,761,2.583,4.358,4.08,49.72,37.43,True,True,4.9,3.2,18.87,7.34,35.19,,,,True,387.5,False,-0.65,-1.94,1.68,,,,,,,,False
2026-09-21,2026-09-21 22:33:53,9ef9713,3324,雙鴻,7,2,2,3,推薦,True,1520.0,2.7,1465.71,1520.0,1357.1,1737.1,1845.7,108.57,-10.72,14.28,-106,119,0,4,-1083,145,-3.849,0.515,0.81,70.1,56.93,True,True,8.49,14.67,49.75,5.07,20.0,,,,False,,False,,,,,,,,,,,False
2026-09-21,2026-09-21 22:33:53,9ef9713,3533,嘉澤,3,1,0,2,暫不關注,False,1590.0,0.32,1560.36,1590.0,1501.1,1708.6,1767.9,59.29,-5.59,7.46,-175,-22,0,0,-45,-192,-1.138,-4.856,1.09,37.81,26.82,True,False,2.45,-2.24,-1.24,2.84,33.33,,,,False,,False,,,,,,,,,,,False
2026-09-21,2026-09-21 22:33:53,9ef9713,3653,健策,8,2,3,3,推薦,True,5790.0,4.8,5626.97,5790.0,5300.9,6442.1,6768.2,326.07,-8.45,11.26,26,38,4,1,210,53,2.969,0.749,0.69,47.88,38.79,True,True,6.36,2.43,12.32,3.44,52.63,,,,True,5790.0,False,0.69,10.71,18.74,,,,,,,,False
2026-09-21,2026-09-21 22:33:53,9ef9713,6669,緯穎,3,2,1,0,暫不關注,False,2150.0,0.47,2083.22,2150.0,1949.6,2417.1,2550.7,133.57,-9.32,12.42,200,-717,1,0,-3602,-1768,-13.962,-6.853,0.67,15.9,17.04,False,False,-1.42,-8.04,1.79,3.74,12.5,權@2026-09-02,,,True,2150.0,False,-1.63,-2.09,-1.86,,,,,,,,False
2026-09-22,2026-09-22 22:33:33,83c5751,1513,中興電,4,0,1,3,暫不關注,False,166.0,-0.3,164.57,166.0,161.7,171.7,174.6,2.86,-2.59,3.43,388,0,2,0,1277,1231,12.628,12.173,1.14,59.15,45.54,True,True,0.36,0.32,0.3,1.8,16.67,,,,True,166.0,False,-0.3,0.0,0.9,,,,,,,,False
2026-09-22,2026-09-22 22:33:33,83c5751,2059,川湖,6,2,2,2,觀望,False,12670.0,-1.02,12337.5,12670.0,11672.5,14000.0,14665.0,665.0,-7.87,10.5,-69,24,0,7,-418,167,-19.764,7.084,0.98,48.05,32.71,True,False,1.68,-3.33,-10.99,4.96,63.78,息@2026-08-27,,,True,12670.0,False,-2.21,-2.53,-4.14,,,,,,,,False
2026-09-22,2026-09-22 22:33:33,83c5751,2301,光寶科,5,2,1,2,觀望,False,284.5,-1.39,277.69,284.5,264.1,311.7,325.3,13.61,-7.17,9.56,219,-148,2,0,-2520,-244,-2.968,-0.287,1.22,39.28,29.01,True,False,0.89,-2.98,-3.89,5.72,0.0,,,,True,284.5,False,-0.35,0.88,-1.05,,,,,,,,False
2026-09-22,2026-09-22 22:33:33,83c5751,2345,智邦,4,2,0,2,暫不關注,False,1915.0,4.08,1871.43,1915.0,1784.3,2089.3,2176.4,87.14,-6.83,9.1,-149,-172,0,0,-1,-2967,-0.005,-14.203,1.04,28.0,17.53,True,False,3.51,-3.59,-5.67,3.8,28.57,,,,True,1915.0,False,-1.31,-1.04,2.61,,,,,,,,False
2026-09-22,2026-09-22 22:33:33,83c5751,2356,英業達,3,2,0,1,暫不關注,False,61.2,-0.97,60.21,61.2,58.2,65.2,67.1,1.98,-4.9,6.54,-1579,-26,0,0,-5161,-1800,-9.548,-3.245,0.79,20.71,19.42,False,False,-0.62,-4.29,-6.42,2.1,0.0,,,,True,61.2,False,-0.33,-2.12,-3.59,,,,,,,,False
2026-09-22,2026-09-22 22:33:33,83c5751,2383,台光電,5,2,2,1,觀望,False,4860.0,-0.72,4731.97,4860.0,4475.9,5372.1,5628.2,256.07,-7.9,10.54,331,-654,5,0,1360,-2896,8.62,-18.354,0.69,22.26,19.5,False,False,-0.51,-8.25,-12.74,5.01,0.0,息@2026-08-28,,,True,4860.0,False,3.29,3.91,6.69,,,,,,,,False
2026-09-22,2026-09-22 22:33:33,83c5751,3017,奇鋐,5,2,0,3,觀望,False,3390.0,-0.73,3301.97,3390.0,3125.9,3742.1,3918.2,176.07,-7.79,10.39,-217,-7,0,0,-750,174,-5.516,1.28,0.79,61.24,48.99,True,True,2.14,1.49,14.92,3.51,4.17,,,,False,,False,,,,,,,,,,,False
2026-09-22,2026-09-22 22:33:33,83c5751,3037,欣興,7,2,2,3,推薦,True,1120.0,9.8,1092.71,1120.0,1038.1,1229.1,1283.7,54.57,-7.31,9.74,5131,-82,4,0,9148,-694,12.8,-0.971,0.77,74.72,63.42,True,True,11.51,11.84,2.28,1.47,0.0,,司法調查中（8/28 起）,,True,1120.0,False,3.57,5.8,16.52,,,,,,,,False
2026-09-22,2026-09-22 22:33:33,83c5751,3211,順達,6,1,2,3,觀望,False,385.0,-0.65,376.66,385.0,360.0,418.4,435.0,16.68,-6.49,8.68,-649,280,0,3,52,733,0.239,3.365,1.79,57.64,44.16,True,True,2.89,1.8,16.31,4.39,29.41,,,,True,385.0,False,-1.3,-1.69,3.12,,,,,,,,False
2026-09-22,2026-09-22 22:33:33,83c5751,3324,雙鴻,7,2,2,3,推薦,True,1600.0,5.26,1545.18,1600.0,1435.5,1819.3,1928.9,109.64,-10.28,13.71,-10,211,0,5,-1305,358,-4.442,1.218,0.99,77.5,63.79,True,True,8.92,18.32,50.23,5.59,35.29,,,,True,1600.0,False,-0.31,6.88,-5.94,,,,,,,,False
2026-09-22,2026-09-22 22:33:33,83c5751,3533,嘉澤,5,1,1,3,觀望,False,1745.0,9.75,1712.14,1745.0,1646.4,1876.4,1942.1,65.71,-5.65,7.53,164,-50,1,0,166,-236,4.083,-5.804,1.09,58.54,37.39,True,True,9.27,6.83,8.72,0.0,0.0,,,,True,1745.0,False,-3.15,-3.15,6.3,,,,,,,,False
2026-09-22,2026-09-22 22:33:33,83c5751,3653,健策,6,2,1,3,觀望,False,5830.0,0.69,5665.35,5830.0,5336.1,6488.6,6817.9,329.29,-8.47,11.3,-200,86,0,2,59,119,1.069,2.156,0.65,56.52,44.7,True,True,5.08,2.57,12.01,4.66,24.07,,,,False,,False,,,,,,,,,,,False
2026-09-22,2026-09-22 22:33:33,83c5751,6669,緯穎,3,2,1,0,暫不關注,False,2115.0,-1.63,2055.36,2115.0,1936.1,2353.6,2472.9,119.29,-8.46,11.28,947,-1244,2,0,-1883,-3005,-6.428,-10.259,1.21,13.99,16.03,False,False,-1.21,-9.45,-2.04,4.19,27.78,權@2026-09-02,,,True,2115.0,False,-0.47,0.0,-1.42,,,,,,,,False
2026-09-23,2026-09-23 22:33:38,ccca605,1513,中興電,5,0,3,2,觀望,False,165.5,-0.3,164.09,165.5,161.3,171.1,174.0,2.82,-2.54,3.38,325,1,3,1,1417,1248,14.088,12.408,0.7,58.87,49.99,False,True,-0.3,0.03,-0.3,1.81,16.67,,,,True,165.5,False,0.3,0.91,,,,,,,,,False
2026-09-23,2026-09-23 22:33:38,ccca605,2059,川湖,4,2,1,1,暫不關注,False,12390.0,-2.21,12076.6,12390.0,11449.8,13643.6,14270.4,626.79,-7.59,10.12,60,-42,1,0,-316,66,-14.017,2.928,0.74,46.77,37.39,False,False,-1.12,-4.71,-14.31,3.2,13.58,息@2026-08-27,,,True,12390.0,False,-0.32,-2.22,,,,,,,,,False
2026-09-23,2026-09-23 22:33:38,ccca605,2301,光寶科,4,2,0,2,暫不關注,False,283.5,-0.35,277.56,283.5,265.7,307.3,319.2,11.89,-6.28,8.4,-1962,-530,0,0,-3203,-786,-3.913,-0.96,0.62,40.81,32.95,True,False,0.07,-2.93,-7.65,1.76,20.0,,,,True,280.0,False,2.5,0.36,,,,,,,,,False
2026-09-23,2026-09-23 22:33:38,ccca605,2345,智邦,4,2,0,2,暫不關注,False,1890.0,-1.31,1846.25,1890.0,1758.8,2065.0,2152.5,87.5,-6.94,9.26,-595,-532,0,0,-337,-3371,-1.538,-15.381,0.99,38.87,24.64,True,False,1.61,-4.45,-8.03,5.74,18.18,,,,True,1880.0,False,0.8,-3.72,,,,,,,,,False
2026-09-23,2026-09-23 22:33:38,ccca605,2356,英業達,3,2,0,1,暫不關注,False,61.0,-0.33,60.07,61.0,58.2,64.7,66.6,1.86,-4.59,6.07,-3855,-132,0,0,-6953,-966,-11.654,-1.597,1.32,21.38,20.08,False,False,-0.72,-4.16,-8.68,2.78,11.76,,,,True,60.5,False,-0.99,-2.15,,,,,,,,,False
2026-09-23,2026-09-23 22:33:38,ccca605,2383,台光電,4,2,0,2,暫不關注,False,5020.0,3.29,4892.32,5020.0,4637.0,5530.7,5786.1,255.36,-7.63,10.17,-188,-30,0,0,1104,-2779,6.673,-16.799,0.78,31.19,23.4,True,False,3.04,-4.47,-14.45,5.14,36.0,息@2026-08-28,,,True,5020.0,False,0.6,-1.99,,,,,,,,,False
2026-09-23,2026-09-23 22:33:38,ccca605,3017,奇鋐,7,2,2,3,推薦,True,3470.0,2.36,3383.22,3470.0,3209.6,3817.1,3990.7,173.57,-7.5,10.0,21,224,1,1,-529,318,-3.918,2.355,0.97,66.0,54.66,True,True,2.72,3.4,9.98,5.31,66.67,,,,True,3460.0,False,2.75,-1.73,,,,,,,,,False
2026-09-23,2026-09-23 22:33:38,ccca605,3037,欣興,9,2,3,4,推薦,True,1160.0,3.57,1132.61,1160.0,1077.8,1269.6,1324.4,54.79,-7.09,9.45,5947,575,5,1,16397,50,19.838,0.06,1.61,78.17,68.34,True,True,11.09,15.84,0.0,7.59,47.06,,司法調查中（8/28 起）,,True,1155.0,False,2.6,0.87,,,,,,,,,False
2026-09-23,2026-09-23 22:33:38,ccca605,3211,順達,6,1,2,3,觀望,False,380.0,-1.3,372.06,380.0,356.2,411.8,427.7,15.89,-6.26,8.37,-189,90,0,4,88,733,0.419,3.494,0.42,59.51,49.28,True,True,1.01,0.26,4.4,2.73,0.0,,,,True,380.0,False,-0.39,1.58,,,,,,,,,False
2026-09-23,2026-09-23 22:33:38,ccca605,3324,雙鴻,7,2,3,2,推薦,True,1595.0,-0.31,1542.32,1595.0,1437.0,1805.7,1911.1,105.36,-9.91,13.21,92,217,1,6,-96,574,-0.335,2.003,0.7,82.01,69.86,True,True,5.21,15.73,48.37,4.69,33.33,,,,True,1595.0,False,7.21,2.19,,,,,,,,,False
2026-09-23,2026-09-23 22:33:38,ccca605,3533,嘉澤,5,1,1,3,觀望,False,1690.0,-3.15,1655.89,1690.0,1587.7,1826.4,1894.6,68.21,-6.05,8.07,-663,116,0,1,-726,-55,-12.207,-0.925,3.34,63.56,46.11,True,True,3.49,3.25,4.0,5.73,5.0,,,,True,1660.0,False,1.81,3.01,,,,,,,,,False
2026-09-23,2026-09-23 22:33:38,ccca605,3653,健策,7,2,1,4,推薦,True,6410.0,9.95,6232.85,6410.0,5878.6,7118.6,7472.9,354.29,-8.29,11.05,43,-22,1,0,-74,152,-1.361,2.795,1.38,71.02,53.47,True,True,10.86,12.1,11.97,8.23,0.0,,,,True,6410.0,False,7.96,7.57,,,,,,,,,False
2026-09-23,2026-09-23 22:33:38,ccca605,6669,緯穎,4,2,2,0,暫不關注,False,2105.0,-0.47,2049.28,2105.0,1937.9,2327.9,2439.3,111.43,-7.94,10.59,309,-699,3,0,1194,-3918,5.175,-16.983,0.5,11.89,14.65,False,False,-1.13,-9.55,-7.46,2.13,11.11,權@2026-09-02,,,True,2105.0,False,0.48,-0.24,,,,,,,,,False
2026-09-24,2026-09-28 22:33:49,0c0f662,1513,中興電,4,0,2,2,暫不關注,False,166.0,0.3,164.6,166.0,161.8,171.6,174.4,2.79,-2.53,3.37,547,0,4,0,1399,828,14.604,8.644,0.63,61.47,53.81,False,True,-0.12,0.47,-2.64,1.81,33.33,,,,True,166.0,False,0.6,1.2,,,,,,,,,False
2026-09-24,2026-09-28 22:33:49,0c0f662,2059,川湖,4,2,1,1,暫不關注,False,12350.0,-0.32,12052.5,12350.0,11457.5,13540.0,14135.0,595.0,-7.23,9.64,109,-42,2,0,-143,-44,-6.449,-1.984,0.93,45.1,39.96,False,False,-1.52,-4.29,-13.88,3.67,52.75,息@2026-08-27,,,True,12350.0,False,-1.9,-2.39,,,,,,,,,False
2026-09-24,2026-09-28 22:33:49,0c0f662,2301,光寶科,5,2,1,2,觀望,False,287.0,1.23,281.31,287.0,269.9,309.8,321.2,11.39,-5.96,7.94,265,-134,1,0,-2962,-962,-3.67,-1.192,0.57,45.92,37.27,True,False,0.67,-1.5,-4.65,3.53,10.0,,,,True,282.5,False,-0.53,-1.06,,,,,,,,,False
2026-09-24,2026-09-28 22:33:49,0c0f662,2345,智邦,4,2,0,2,暫不關注,False,1895.0,0.26,1853.57,1895.0,1770.7,2060.7,2143.6,82.86,-6.56,8.74,-5,-485,0,0,-822,-2646,-4.094,-13.178,0.6,47.12,32.14,True,False,0.85,-3.72,-9.33,2.65,20.0,,,,True,1845.0,False,-1.9,-3.79,,,,,,,,,False
2026-09-24,2026-09-28 22:33:49,0c0f662,2356,英業達,3,2,1,0,暫不關注,False,59.9,-1.8,59.02,59.9,57.3,63.4,65.2,1.76,-4.34,5.84,-4408,21,0,1,-11141,-1541,-17.899,-2.476,0.87,18.42,19.52,False,False,-2.0,-5.48,-8.69,1.64,0.0,,,,True,59.9,False,-1.17,-0.67,,,,,,,,,False
2026-09-24,2026-09-28 22:33:49,0c0f662,2383,台光電,5,2,1,2,觀望,False,5050.0,0.6,4924.82,5050.0,4674.5,5550.7,5801.1,250.36,-7.44,9.91,28,-405,1,0,857,-2441,6.554,-18.667,0.71,38.99,28.6,True,False,2.16,-3.51,-7.76,3.78,63.16,息@2026-08-28,,,True,4910.0,False,0.2,0.51,,,,,,,,,False
2026-09-24,2026-09-28 22:33:49,0c0f662,3017,奇鋐,7,2,2,3,推薦,True,3555.0,2.45,3472.68,3555.0,3308.0,3884.3,4048.9,164.64,-6.95,9.26,166,11,2,2,-208,318,-1.634,2.499,0.84,74.33,61.21,True,True,2.98,5.59,6.44,4.18,31.03,,,,True,3420.0,True,-0.58,0.44,,,,,,,,,False
2026-09-24,2026-09-28 22:33:49,0c0f662,3037,欣興,7,2,3,2,推薦,True,1185.0,2.16,1158.39,1185.0,1105.2,1291.4,1344.6,53.21,-6.73,8.98,1807,122,6,2,17397,1691,21.077,2.049,1.01,83.58,73.42,True,True,8.4,18.3,0.42,3.88,11.11,,司法調查中（8/28 起）,,True,1170.0,False,-0.43,0.43,,,,,,,,,False
2026-09-24,2026-09-28 22:33:49,0c0f662,3211,順達,3,1,0,2,暫不關注,False,378.5,-0.39,370.68,378.5,355.0,409.8,425.4,15.64,-6.21,8.27,-182,0,0,0,235,805,1.184,4.055,0.29,59.74,52.77,False,True,-0.34,0.12,-4.78,2.37,0.0,,,,False,,False,,,,,,,,,,,False
2026-09-24,2026-09-28 22:33:49,0c0f662,3324,雙鴻,6,2,2,2,觀望,False,1710.0,7.21,1656.43,1710.0,1549.3,1924.3,2031.4,107.14,-9.4,12.53,-48,333,0,7,-22,906,-0.077,3.167,1.13,85.39,75.04,True,True,8.16,21.21,61.32,10.03,25.0,,,,True,1680.0,False,-2.98,-8.93,,,,,,,,,False
2026-09-24,2026-09-28 22:33:49,0c0f662,3533,嘉澤,4,1,0,3,暫不關注,False,1690.0,0.0,1654.64,1690.0,1583.9,1831.4,1902.1,70.71,-6.28,8.37,-73,0,0,0,-824,-5,-13.325,-0.081,0.91,66.9,53.04,True,True,1.81,3.05,4.0,4.44,60.0,,,,True,1680.0,False,1.79,5.36,,,,,,,,,False
2026-09-24,2026-09-28 22:33:49,0c0f662,3653,健策,6,2,1,3,觀望,False,6920.0,7.96,6731.25,6920.0,6353.8,7675.0,8052.5,377.5,-8.18,10.91,-338,247,0,1,-452,347,-6.258,4.804,2.53,80.68,62.54,True,True,13.54,19.68,22.59,11.0,0.0,,,,True,6920.0,False,-0.36,-1.73,,,,,,,,,False
2026-09-24,2026-09-28 22:33:49,0c0f662,6669,緯穎,4,2,2,0,暫不關注,False,2115.0,0.48,2060.36,2115.0,1951.1,2333.6,2442.9,109.29,-7.75,10.34,46,-536,4,0,1175,-3873,5.632,-18.563,0.77,12.87,14.05,False,False,-0.47,-8.79,-7.43,3.09,38.46,權@2026-09-02,,,True,2105.0,False,-0.24,-0.71,,,,,,,,,False
2026-09-29,2026-09-29 22:34:17,c1b6403,1513,中興電,6,0,3,3,觀望,False,167.0,0.6,165.65,167.0,162.9,172.4,175.1,2.71,-2.46,3.23,741,101,5,1,2177,497,25.223,5.758,0.93,66.62,58.08,True,True,0.48,1.1,-0.6,2.11,42.86,,,,False,,False,,,,,,,,,,,False
2026-09-29,2026-09-29 22:34:17,c1b6403,2059,川湖,4,2,2,0,暫不關注,False,12115.0,-1.9,11810.18,12115.0,11200.5,13334.3,13943.9,609.64,-7.55,10.06,69,-19,3,0,55,-65,2.523,-2.982,1.01,39.22,39.71,False,False,-2.81,-5.31,-15.28,5.26,30.77,,,,True,12115.0,False,-0.5,-2.31,,,,,,,,,False
2026-09-29,2026-09-29 22:34:17,c1b6403,2301,光寶科,4,2,1,1,暫不關注,False,281.0,-2.09,275.57,281.0,264.7,302.7,313.6,10.86,-5.8,7.72,-3230,2,0,1,-3051,-972,-4.358,-1.388,0.84,42.31,38.95,False,False,-1.37,-2.95,-11.5,3.31,63.16,,,,True,281.0,False,-0.53,1.25,,,,,,,,,False
2026-09-29,2026-09-29 22:34:17,c1b6403,2345,智邦,3,2,0,1,暫不關注,False,1810.0,-4.49,1767.5,1810.0,1682.5,1980.0,2065.0,85.0,-7.04,9.39,-632,-736,0,0,-1199,-2711,-6.52,-14.742,1.04,35.46,33.24,False,False,-3.21,-7.3,-14.82,4.22,43.75,,,,True,1810.0,False,-1.93,4.97,,,,,,,,,False
2026-09-29,2026-09-29 22:34:17,c1b6403,2356,英業達,2,2,0,0,暫不關注,False,59.2,-1.17,58.38,59.2,56.7,62.5,64.1,1.64,-4.22,5.57,-4059,-67,0,0,-14889,-723,-30.01,-1.457,0.76,12.28,17.11,False,False,-2.34,-6.15,-8.78,2.0,0.0,,,,False,,False,,,,,,,,,,,False
2026-09-29,2026-09-29 22:34:17,c1b6403,2383,台光電,3,2,0,1,暫不關注,False,4920.0,-2.57,4798.93,4920.0,4556.8,5404.3,5646.4,242.14,-7.38,9.84,-282,-188,0,0,259,-2048,2.264,-17.902,0.82,39.01,32.07,False,False,-0.59,-5.48,-10.38,3.66,72.97,息@2026-08-28,,,False,,False,,,,,,,,,,,False
2026-09-29,2026-09-29 22:34:17,c1b6403,3017,奇鋐,4,2,0,2,暫不關注,False,3400.0,-4.36,3314.64,3400.0,3143.9,3741.4,3912.1,170.71,-7.53,10.04,-453,-513,0,0,-660,-237,-5.128,-1.841,1.54,69.55,63.99,False,True,-1.33,0.93,1.19,4.92,22.86,,,,False,,False,,,,,,,,,,,False
2026-09-29,2026-09-29 22:34:17,c1b6403,3037,欣興,6,2,2,2,觀望,False,1165.0,-1.69,1138.68,1165.0,1086.0,1270.3,1322.9,52.64,-6.78,9.04,-766,484,0,3,13557,1362,17.205,1.729,0.66,84.57,77.14,True,True,3.1,15.99,4.95,4.64,27.27,,司法調查中（8/28 起）,,True,1165.0,False,0.86,4.29,,,,,,,,,False
2026-09-29,2026-09-29 22:34:17,c1b6403,3211,順達,5,1,1,3,觀望,False,386.0,1.98,378.19,386.0,362.6,417.2,432.8,15.61,-6.06,8.08,-140,2,0,1,98,806,0.441,3.626,1.01,63.16,56.23,True,True,0.68,2.29,-3.5,3.3,52.0,,,,False,,False,,,,,,,,,,,False
2026-09-29,2026-09-29 22:34:17,c1b6403,3324,雙鴻,6,2,2,2,觀望,False,1630.0,-4.68,1575.18,1630.0,1465.5,1849.3,1958.9,109.64,-10.09,13.45,-710,178,0,8,-782,1058,-3.24,4.384,0.69,82.42,77.5,True,True,1.18,13.57,42.98,4.97,0.0,,,,True,1620.0,False,-5.56,-5.86,,,,,,,,,False
2026-09-29,2026-09-29 22:34:17,c1b6403,3533,嘉澤,7,1,2,4,推薦,True,1710.0,1.18,1673.04,1710.0,1599.1,1857.9,1931.8,73.93,-6.49,8.65,69,10,1,1,-678,54,-8.928,0.711,1.7,71.14,59.07,True,True,1.48,4.35,-1.44,5.03,64.71,,,,True,1710.0,False,3.51,8.48,,,,,,,,,False
2026-09-29,2026-09-29 22:34:17,c1b6403,3653,健策,5,2,1,2,觀望,False,6895.0,-0.36,6709.47,6895.0,6338.4,7637.1,8008.2,371.07,-8.07,10.76,-309,128,0,2,-779,477,-9.948,6.091,1.15,82.59,69.22,True,True,8.26,18.12,19.19,4.48,51.61,,,,True,6895.0,False,-1.38,-0.29,,,,,,,,,False
2026-09-29,2026-09-29 22:34:17,c1b6403,6669,緯穎,2,2,0,0,暫不關注,False,2100.0,-0.71,2050.18,2100.0,1950.5,2299.3,2398.9,99.64,-7.12,9.49,-170,-91,0,0,1331,-3287,7.534,-18.605,0.39,11.66,13.26,False,False,-0.8,-8.82,-13.0,1.89,50.0,權@2026-09-02,,,True,2100.0,False,-0.48,0.48,,,,,,,,,False
2026-09-30,2026-09-30 22:33:40,90afc36,1513,中興電,7,0,3,4,推薦,True,168.0,0.6,166.68,168.0,164.0,173.3,175.9,2.64,-2.38,3.15,1123,6,6,2,3124,108,32.864,1.136,1.69,72.62,62.93,True,True,0.9,1.58,2.44,0.9,66.67,,,,True,168.0,False,-0.89,-0.3,,,,,,,,,False
2026-09-30,2026-09-30 22:33:40,90afc36,2059,川湖,3,2,1,0,暫不關注,False,12055.0,-0.5,11784.28,12055.0,11242.9,13137.9,13679.3,541.43,-6.74,8.98,-23,6,0,1,146,-73,7.254,-3.627,0.86,31.79,37.07,False,False,-2.12,-4.99,-14.99,6.03,59.59,,,,True,12055.0,False,-1.82,0.75,,,,,,,,,False
2026-09-30,2026-09-30 22:33:40,90afc36,2301,光寶科,2,2,0,0,暫不關注,False,279.5,-0.53,274.32,279.5,264.0,300.2,310.6,10.36,-5.55,7.41,-4040,-13,0,0,-8748,-823,-13.136,-1.236,0.92,38.15,38.68,False,False,-1.27,-3.04,-8.36,1.96,0.0,,,,True,278.0,False,2.34,1.26,,,,,,,,,False
2026-09-30,2026-09-30 22:33:40,90afc36,2345,智邦,3,2,1,0,暫不關注,False,1775.0,-1.93,1736.25,1775.0,1658.8,1930.0,2007.5,77.5,-6.55,8.73,1075,-2183,1,0,-306,-4108,-1.39,-18.661,1.94,24.54,30.34,False,False,-4.42,-8.48,-12.78,4.7,29.41,,,,False,,False,,,,,,,,,,,False
2026-09-30,2026-09-30 22:33:40,90afc36,2356,英業達,2,2,0,0,暫不關注,False,59.5,0.51,58.77,59.5,57.3,62.4,63.9,1.47,-3.7,4.87,-2032,-190,0,0,-15934,-394,-29.33,-0.725,1.17,11.13,15.12,False,False,-1.1,-5.13,-10.79,1.69,40.0,,,,True,59.5,False,0.34,-0.84,,,,,,,,,False
2026-09-30,2026-09-30 22:33:40,90afc36,2383,台光電,4,2,1,1,暫不關注,False,4935.0,0.3,4818.4,4935.0,4585.2,5401.4,5634.6,233.21,-7.09,9.45,-162,163,0,1,-273,-1113,-2.577,-10.505,0.68,42.13,35.42,False,False,-0.44,-4.68,-10.03,1.93,42.11,,,,True,4935.0,False,0.81,5.07,,,,,,,,,False
2026-09-30,2026-09-30 22:33:40,90afc36,3017,奇鋐,7,2,2,3,推薦,True,3435.0,1.03,3350.89,3435.0,3182.7,3771.4,3939.6,168.21,-7.34,9.79,84,184,1,1,-399,-101,-2.7,-0.683,1.42,68.7,65.56,False,True,-0.43,1.95,0.29,5.0,70.59,,,,True,3435.0,False,2.18,0.15,,,,,,,,,False
2026-09-30,2026-09-30 22:33:40,90afc36,3037,欣興,7,2,3,2,推薦,True,1175.0,0.86,1148.71,1175.0,1096.1,1280.1,1332.7,52.57,-6.71,8.94,596,308,1,4,12715,1407,17.636,1.951,0.68,86.51,80.26,True,True,1.21,15.97,17.62,3.0,42.86,,司法調查中（8/28 起）,,True,1175.0,False,3.4,11.06,,,,,,,,,False
2026-09-30,2026-09-30 22:33:40,90afc36,3211,順達,6,1,1,4,觀望,False,398.5,3.24,390.56,398.5,374.7,430.3,446.2,15.89,-5.97,7.98,472,-2,1,0,-686,370,-3.187,1.719,1.85,69.95,60.8,True,True,3.35,5.44,3.1,4.66,41.67,,,,True,396.0,False,-0.51,0.25,,,,,,,,,False
2026-09-30,2026-09-30 22:33:40,90afc36,3324,雙鴻,3,2,0,1,暫不關注,False,1530.0,-6.13,1476.07,1530.0,1368.2,1745.7,1853.6,107.86,-10.58,14.1,-805,0,0,0,-1482,939,-6.066,3.844,0.91,73.46,76.15,False,True,-5.15,5.57,22.4,7.06,21.74,,,,True,1530.0,False,-0.33,-1.63,,,,,,,,,False
2026-09-30,2026-09-30 22:33:40,90afc36,3533,嘉澤,6,1,1,4,觀望,False,1770.0,3.51,1733.21,1770.0,1659.6,1917.1,1990.7,73.57,-6.24,8.31,-241,229,0,2,-744,305,-8.125,3.331,1.58,79.04,65.73,True,True,2.85,7.75,4.73,4.68,18.75,,,,True,1770.0,False,4.8,4.8,,,,,,,,,False
2026-09-30,2026-09-30 22:33:40,90afc36,3653,健策,6,2,2,2,觀望,False,6800.0,-1.38,6610.18,6800.0,6230.5,7559.3,7938.9,379.64,-8.38,11.17,-214,44,0,3,-1018,483,-12.472,5.918,0.83,82.24,73.56,True,True,3.49,15.69,13.52,5.22,27.78,,,,True,6720.0,False,2.31,1.19,,,,,,,,,False
2026-09-30,2026-09-30 22:33:40,90afc36,6669,緯穎,2,2,0,0,暫不關注,False,2090.0,-0.48,2044.46,2090.0,1953.4,2272.1,2363.2,91.07,-6.54,8.71,-589,-9,0,0,542,-2580,3.335,-15.877,0.53,9.82,12.11,False,False,-0.71,-8.68,-12.13,2.62,27.27,權@2026-09-02,,,False,,False,,,,,,,,,,,False
2026-10-01,2026-10-01 22:33:46,f96e161,1513,中興電,2,0,0,2,暫不關注,False,166.5,-0.89,165.19,166.5,162.6,171.7,174.3,2.61,-2.34,3.12,-561,-4,0,0,2175,104,24.518,1.172,0.78,66.6,64.15,False,True,-0.06,0.67,0.3,1.49,0.0,,,,True,166.5,False,0.6,,,,,,,,,,False
2026-10-01,2026-10-01 22:33:46,f96e161,2059,川湖,3,2,1,0,暫不關注,False,11835.0,-1.82,11563.93,11835.0,11021.8,12919.3,13461.4,542.14,-6.87,9.16,23,-29,1,0,238,-126,12.322,-6.523,0.84,22.81,32.32,False,False,-2.58,-5.86,-16.36,4.23,0.0,,,,True,11835.0,False,2.62,,,,,,,,,,False
2026-10-01,2026-10-01 22:33:46,f96e161,2301,光寶科,4,2,1,1,暫不關注,False,284.5,1.79,279.34,284.5,269.0,305.1,315.5,10.32,-5.45,7.24,999,-169,1,0,-7968,-844,-14.3,-1.515,0.7,36.54,37.97,True,False,0.49,-1.04,-5.32,2.5,7.14,,,,True,283.5,False,-0.71,,,,,,,,,,False
2026-10-01,2026-10-01 22:33:46,f96e161,2345,智邦,6,2,1,3,觀望,False,1900.0,7.04,1860.54,1900.0,1781.6,2057.9,2136.8,78.93,-6.23,8.31,487,-488,2,0,330,-4424,1.38,-18.504,1.33,39.78,33.49,True,False,2.48,-1.26,-13.83,7.04,8.0,,,,False,,False,,,,,,,,,,,False
2026-10-01,2026-10-01 22:33:46,f96e161,2356,英業達,3,2,1,0,暫不關注,False,59.7,0.34,59.01,59.7,57.6,62.5,63.8,1.38,-3.52,4.69,-2874,169,0,1,-17228,-199,-31.837,-0.368,0.77,13.9,14.71,False,False,-0.27,-4.3,-10.36,1.34,12.5,,,,True,59.7,False,-1.17,,,,,,,,,,False
2026-10-01,2026-10-01 22:33:46,f96e161,2383,台光電,3,2,0,1,暫不關注,False,4975.0,0.81,4865.0,4975.0,4645.0,5415.0,5635.0,220.0,-6.63,8.84,-202,-66,0,0,-806,-526,-8.177,-5.336,0.64,46.37,39.07,False,False,-0.1,-3.29,-11.79,2.43,0.0,,,,True,4975.0,False,4.22,,,,,,,,,,False
2026-10-01,2026-10-01 22:33:46,f96e161,3017,奇鋐,5,2,0,3,觀望,False,3510.0,2.18,3422.68,3510.0,3248.0,3859.3,4033.9,174.64,-7.46,9.95,-5,-83,0,0,-187,-177,-1.184,-1.121,1.12,72.08,67.73,True,True,1.04,4.02,2.93,6.4,4.55,,,,True,3510.0,False,-1.99,,,,,,,,,,False
2026-10-01,2026-10-01 22:33:46,f96e161,3037,欣興,7,2,3,2,推薦,True,1215.0,3.4,1188.39,1215.0,1135.2,1321.4,1374.6,53.21,-6.57,8.76,344,627,2,5,7928,2116,10.327,2.756,1.07,89.28,83.27,True,True,2.97,18.49,25.13,5.11,25.0,,司法調查中（8/28 起）,,True,1215.0,False,7.41,,,,,,,,,,False
2026-10-01,2026-10-01 22:33:46,f96e161,3211,順達,4,1,0,3,暫不關注,False,394.0,-1.13,386.34,394.0,371.0,424.6,440.0,15.32,-5.84,7.77,-448,-28,0,0,-486,62,-2.742,0.35,0.57,71.17,64.26,True,True,1.7,4.41,-2.96,2.01,25.0,,,,True,394.0,False,0.76,,,,,,,,,,False
2026-10-01,2026-10-01 22:33:46,f96e161,3324,雙鴻,4,2,1,1,暫不關注,False,1525.0,-0.33,1471.96,1525.0,1365.9,1737.1,1843.2,106.07,-10.43,13.91,-561,4,0,1,-2033,732,-9.255,3.332,0.63,64.24,72.18,False,True,-4.57,4.69,10.91,3.59,9.09,,,,True,1525.0,False,-1.31,,,,,,,,,,False
2026-10-01,2026-10-01 22:33:46,f96e161,3533,嘉澤,5,1,1,3,觀望,False,1855.0,4.8,1816.25,1855.0,1738.8,2010.0,2087.5,77.5,-6.26,8.36,114,0,1,0,-794,355,-7.234,3.234,1.46,85.06,72.17,True,True,6.43,12.54,6.3,5.93,9.52,,,,True,1825.0,False,1.64,,,,,,,,,,False
2026-10-01,2026-10-01 22:33:46,f96e161,3653,健策,6,2,2,2,觀望,False,6875.0,1.1,6687.5,6875.0,6312.5,7625.0,8000.0,375.0,-8.18,10.91,-25,42,0,4,-843,439,-10.721,5.583,0.38,83.0,76.71,True,True,1.4,15.98,16.82,3.38,8.7,,,,True,6790.0,False,0.15,,,,,,,,,,False
2026-10-01,2026-10-01 22:33:46,f96e161,6669,緯穎,4,2,0,2,暫不關注,False,2110.0,0.96,2067.32,2110.0,1982.0,2280.7,2366.1,85.36,-6.07,8.09,-7,-301,0,0,-412,-1637,-3.663,-14.553,0.39,12.85,12.36,True,False,0.29,-6.78,-19.31,0.96,25.0,權@2026-09-02,,,True,2110.0,False,-1.18,,,,,,,,,,False
2026-10-02,2026-10-04 22:33:32,8738102,1513,中興電,5,0,2,3,觀望,False,167.5,0.6,166.18,167.5,163.5,172.8,175.4,2.64,-2.39,3.16,51,8,1,1,1901,111,20.413,1.192,1.05,67.73,65.34,True,True,0.3,1.19,1.52,1.8,0.0,,,,,,,,,,,,,,,,,False
2026-10-02,2026-10-04 22:33:32,8738102,2059,川湖,5,2,1,2,觀望,False,12145.0,2.62,11866.25,12145.0,11308.8,13260.0,13817.5,557.5,-6.89,9.18,0,24,2,1,178,-60,8.553,-2.883,1.3,24.45,29.7,True,False,0.37,-2.73,-12.41,5.03,25.21,,,,,,,,,,,,,,,,,False
2026-10-02,2026-10-04 22:33:32,8738102,2301,光寶科,2,2,0,0,暫不關注,False,281.5,-1.05,276.64,281.5,266.9,300.9,310.6,9.71,-5.19,6.89,-2238,-238,0,0,-8244,-552,-15.79,-1.057,0.64,29.79,35.24,False,False,-0.42,-1.5,-10.63,1.58,33.33,,,,,,,,,,,,,,,,,False
2026-10-02,2026-10-04 22:33:32,8738102,2345,智邦,6,2,1,3,觀望,False,1965.0,3.42,1924.82,1965.0,1844.5,2125.7,2206.1,80.36,-6.13,8.18,-413,111,0,1,512,-3781,2.04,-15.067,1.11,57.47,41.48,True,True,5.14,2.58,-8.18,3.16,25.0,,,,,,,,,,,,,,,,,False
2026-10-02,2026-10-04 22:33:32,8738102,2356,英業達,2,2,0,0,暫不關注,False,59.0,-1.17,58.34,59.0,57.0,61.6,62.9,1.31,-3.39,4.41,-5999,-276,0,0,-19373,-343,-37.621,-0.666,1.07,9.27,12.9,False,False,-0.77,-4.84,-11.41,1.51,0.0,,,,,,,,,,,,,,,,,False
2026-10-02,2026-10-04 22:33:32,8738102,2383,台光電,8,2,2,4,推薦,True,5185.0,4.22,5071.97,5185.0,4845.9,5637.1,5863.2,226.07,-6.54,8.72,2,134,1,1,-616,-362,-6.283,-3.693,1.22,63.82,47.32,True,True,3.43,1.05,-4.78,4.32,2.33,,,,,,,,,,,,,,,,,False
2026-10-02,2026-10-04 22:33:32,8738102,3017,奇鋐,3,2,0,1,暫不關注,False,3440.0,-1.99,3349.28,3440.0,3167.9,3802.9,3984.3,181.43,-7.91,10.55,-342,-275,0,0,-550,-676,-3.349,-4.117,1.04,64.45,66.64,False,True,-0.81,1.75,3.93,5.27,0.0,,,,,,,,,,,,,,,,,False
2026-10-02,2026-10-04 22:33:32,8738102,3037,欣興,9,2,4,3,推薦,True,1305.0,7.41,1276.57,1305.0,1219.7,1418.7,1475.6,56.86,-6.54,8.71,5230,657,3,6,7211,2198,9.966,3.038,1.21,92.85,86.46,True,True,7.94,25.24,34.12,7.41,0.0,,司法調查中（8/28 起）,,,,,,,,,,,,,,,False
2026-10-02,2026-10-04 22:33:32,8738102,3211,順達,5,1,1,3,觀望,False,397.0,0.76,389.5,397.0,374.5,427.0,442.0,15.0,-5.67,7.56,-56,257,0,1,-353,229,-1.872,1.214,0.84,74.04,67.52,True,True,1.59,5.14,1.28,2.79,45.45,,,,,,,,,,,,,,,,,False
2026-10-02,2026-10-04 22:33:32,8738102,3324,雙鴻,3,2,0,1,暫不關注,False,1505.0,-1.31,1452.5,1505.0,1347.5,1715.0,1820.0,105.0,-10.47,13.95,-273,-503,0,0,-2397,11,-11.209,0.051,0.8,51.41,65.26,False,True,-4.75,3.06,4.88,4.59,28.57,,,,,,,,,,,,,,,,,False
2026-10-02,2026-10-04 22:33:32,8738102,3533,嘉澤,4,1,1,2,暫不關注,False,1855.0,0.0,1815.71,1855.0,1737.1,2012.1,2090.7,78.57,-6.36,8.47,92,-3,2,0,-39,236,-0.379,2.295,0.92,88.95,77.76,True,True,4.45,12.03,8.8,3.5,15.38,,,,,,,,,,,,,,,,,False
2026-10-02,2026-10-04 22:33:32,8738102,3653,健策,5,2,2,1,觀望,False,6800.0,-1.09,6608.03,6800.0,6224.1,7567.9,7951.8,383.93,-8.47,11.29,-219,64,0,5,-1105,524,-14.922,7.076,0.68,81.79,78.4,False,True,-0.85,13.73,17.85,4.44,86.89,,,,,,,,,,,,,,,,,False
2026-10-02,2026-10-04 22:33:32,8738102,6669,緯穎,2,2,0,0,暫不關注,False,2085.0,-1.18,2044.64,2085.0,1963.9,2246.4,2327.1,80.71,-5.81,7.74,-604,-510,0,0,-1325,-1448,-12.413,-13.566,1.04,11.34,12.02,False,False,-0.71,-6.81,-20.11,2.13,22.22,權@2026-09-02,,,,,,,,,,,,,,,,False
